,Shoes_Description,Shoes_brand,Shoes_Prices
0,Lite Sports Shoes Running Shoes For Men,BRUTON,₹549
1,Trendy & Affordable Collection Of Stylish For Men,STALAG,₹559
2,Trendy Running Shoes Running Shoes For Men,BRUTON,₹369
3,Trending Stylish Casual Outdoor Sneakers Shoes For Men ...,URBANBOX,₹299
4,Sneakers For Women,Deals4you,₹399
5,Lite Sports Shoes Running Shoes For Men,BRUTON,₹579
6,Boots For Men,Layasa,₹499
7,New Trendy Comfort Exclusive Daily Upgrade Your style G...,SEEVAE,₹699
8,Lace Up For Men,Delize,"₹3,184"
9,Modern Trendy Sneakers Shoes Sneakers For Men,BRUTON,₹229
10,Stylish High Tops For Men,lejano,₹585
11,GROOVY Mid-Top Casual Chunky Streetwear Fashion Sneaker...,Kraasa,₹599
12,Trendy & Stylish Running Shoes For Men,HOTSTYLE,₹299
13,Trendy & Stylish Loafers For Men,HOTSTYLE,₹349
14,Sneakers For Men,ATOM,"₹1,289"
15,Premium Sports Shoes for Men Walking Shoes For Men,BIRDE,₹449
16,Trendy Chunky Classic Fashion Casual Sneakers Boot /Cas...,Zixer,₹662
17,Sneakers For Men,ATOM,"₹1,289"
18,HURRICANE Running Shoes For Men,CAMPUS,₹799
19,Lace Up For Men,Delize,"₹3,184"
20,GLYCERIN 20 Running Shoes For Men,BROOKS,"₹7,743"
21,Boots For Men,Kraasa,₹599
22,FAST Trendy Trainer Execellent Running Gear Lace-Ups Sp...,HOTSTYLE,₹399
23,Trendy & Stylish Loafers For Men,HOTSTYLE,₹349
24,"Wind-04 Grey Sports, Gym, Training, Running, Trendy Wal...",asian,₹599
25,MIKE (N) Running Shoes For Men,CAMPUS,"₹1,349"
26,Shoes for Men6 Walking Shoes For Men,Rover Shoes,₹629
27,Boots For Men,Layasa,₹499
28,Trendy Sports Running Running Shoes For Men,BRUTON,₹389
29,Sneakers For Men,Layasa,₹359
30,Sneakers For Men,ATOM,"₹1,289"
31,BCK8020 Lightweight Comfort Summer Trendy Premium Styli...,Bucik,₹629
32,Sneakers Walking Shoes For Men,URBANBOX,₹159
33,CozySock Walking Shoes For Women,Kraasa,₹319
34,Lace Up For Men,Bata,₹799
35,"Comfortable Outdoor,Casual, walking, Training,Trekking ...",BERSACHE,₹631
36,Sneakers For Men,ATOM,"₹1,289"
37,Street Pro Lock=Tala Sneaker/Casual Lock Sneakers For B...,Zixer,₹661
38,Trendy & Stylish Loafers For Men,HOTSTYLE,₹349
39,Premium Comfortable Regular Wear Walking Shoes For Men,BIRDE,₹599
40,Sneakers For Men,Bacan,₹560
41,Sneakers For Women,Layasa,₹460
42,Sneakers For Men,Nobelite,₹469
43,"Delta-20 Grey Sports,Casual,Walking,Gym, Walking Shoes ...",asian,₹869
44,FS-10 Football Shoes For Men,Golazo,₹539
45,Boxer Boots For Men,HOTSTYLE,₹379
46,Lite Sports Shoes Running Shoes For Men,BRUTON,₹549
47,Stylish Casual Sports Shoe Sneakers For Women,Layasa,₹425
48,SYRUS Running Shoes For Men,CAMPUS,"₹1,399"
49,Casuals For Men,Nobelite,₹449
50,GROOVY Mid-Top Casual Chunky Streetwear Fashion Sneaker...,Kraasa,₹599
51,Stylish High Tops For Men,lejano,₹585
52,Slip On For Men,Bata,₹709
53,"Sneaker Casual Shoes for Men | Soft Cushioned Insole, S...",RED TAPE,"₹1,379"
54,kardam&sons luxury fashionable Stylish Light Weight Sne...,kardam&sons,₹368
55,Premium Sports Shoes for Women Walking Shoes For Women,BIRDE,₹315
56,Men's High Top Ankle Retro Air Original Sneakers || Boy...,Zixer,₹674
57,GLYCERIN 20 Running Shoes For Men,BROOKS,"₹7,743"
58,Casual Sneaker Shoes For Men | Enhanced Comfort with Cu...,asian,₹799
59,Rider-01 White Running Shoes for Men I Sport Shoes for ...,asian,"₹1,099"
60,Sneakers For Men,ATOM,"₹1,289"
61,Women's Mesh Sports Shoes Walking Sneakers For Women,Layasa,₹419
62,"Supperjoyo Sports shoes, Running, Walking, Lightweight,...",JQR,₹999
63,"Sports Walking Shoes for Men | Soft Cushioned Insole, S...",RED TAPE,"₹1,179"
64,Premium Comfortable Regular Wear Walking Shoes For Men,BIRDE,₹569
65,MIKE (N) Running Shoes For Men,CAMPUS,"₹1,349"
66,Boots For Men,Kraasa,₹599
67,Shoes for Men6 Walking Shoes For Men,Rover Shoes,₹629
68,Boss-Ace Lace Up For Men,Bata,₹639
69,Future-01 running shoes For Men,asian,₹649
70,Sneakers For Men,ATOM,"₹1,289"
71,Loafers For Men,Bacan,₹549
72,Bridge Comfort Running Shoes For Men,PUMA,"₹1,299"
73,Men's Essential Casual Sneakers- Lace-Up Sneakers Sneak...,RED TAPE,"₹1,379"
74,"Lightweight,Comfort,Summer,Trendy,Walking,Outdoor,Styli...",aadi,₹379
75,Casual Loafers For Men,AJANTA,₹319
76,Boots For Men,Layasa,₹499
77,XC72 Sneakers For Men,New Balance,"₹7,799"
78,"Stylish Comfortable Lightweight, Breathable Black Runni...",BIRDE,₹449
79,Brown formal shoe for Mens Lace Up For Men,Restroad,₹479
80,CozySock Walking Shoes For Women,Kraasa,₹319
81,Trendy & Stylish Loafers For Men,HOTSTYLE,₹399
82,Running Sports Latest Stylish Casual Lace up lightweigh...,Nobelite,₹399
83,"Wind-04 Navy Sports, Gym, Training, Running, Trendy Wal...",asian,₹599
84,"Durable Performance Cricket Shoes with Dual Closure, La...",ASE,₹898
85,HURRICANE Running Shoes For Men,CAMPUS,₹799
86,Synthetic Leather |Lightweight|Comfort|Summer|Trendy|Wa...,aadi,₹659
87,Stylish Casual Sports Shoe Running Shoes For Women,Layasa,₹389
88,Flex Advantage 4.0-Efficient Walking Shoes For Men,Skechers,"₹2,469"
89,Revolution 6 Running Shoes For Men,NIKE,"₹2,499"
90,ROYCE-2 Running Shoes For Men,CAMPUS,₹949
91,Sports Training & Gym Shoes For Men,Nobelite,₹429
92,"ZOOM SPORTFOAM spandex knitted upper lace up,lightweigh...",JQR,₹999
93,OXYFIT PRO Running Shoes For Men,CAMPUS,₹849
94,Exclusive Sneaker Shoes Sneakers For Men,BRUTON,₹349
95,"Chrome-01 White Sports,Casual,Walking,Stylish Running S...",asian,"₹1,299"
96,Running Shoes For Men,RED TAPE,"₹1,359"
97,"WNDR-13 Pro White Sports,Casual,Walking.Gym,Training,St...",asian,₹824
98,Nobelite White Casual Sports Running Shoes For Men,Nobelite,₹449
99,SIMBA PRO Running Shoes For Men,CAMPUS,"₹1,249"
100,"Wndr,Cosko-13 Full Black Boys School Shoes,Running Shoe...",asian,₹699
101,"Cosko Sports Shoes,Running Shoes,Walking Shoes,Training...",asian,₹799
102,"Bersache Sports Shoes For Men|Red For Running,Walking,g...",BERSACHE,₹799
103,Sneakers For Men,RED TAPE,"₹1,039"
104,Trendy Sports Running Running Shoes For Men,BRUTON,₹389
105,CRYSTA PRO Casuals For Men,CAMPUS,₹699
106,"Thar-01 Blue Sneakers,Sports,Training,Gym,Walking,Styli...",asian,₹759
107,Mesh |Lightweight|Comfort|Summer|Trendy|Walking|Outdoor...,aadi,₹419
108,Wind-04 Walking Shoes For Men,asian,₹599
109,OSLO PRO Running Shoes For Men,CAMPUS,"₹1,349"
110,"Stylish Comfortable Lightweight, Breathable Walking Sho...",BIRDE,₹449
111,Bersache Sports Walking Gym sneakers Trekking Hiking Sh...,BERSACHE,₹999
112,"Sneaker Casual Shoes for Men | Soft Cushioned Insole, S...",RED TAPE,"₹1,119"
113,Walking Shoes For Men,RED TAPE,"₹1,159"
114,"RAINBOW AEROFOAM and EZSUPPORT lightweight, comfortable...",JQR,₹749
115,Lightweight Pack Of 1 Trendy Sneakers Sneakers For Men,BRUTON,₹149
116,FIRST Running Shoes For Men,CAMPUS,"₹1,399"
117,"Tarzan-11 White Sneakers,Casual,Canvas,Loafers High Top...",asian,₹799
118,Hustle V2 Sneakers For Men,PUMA,"₹1,199"
119,GEL-CONTEND 4B+ Running Shoes For Men,Asics,"₹1,991"
120,Lite Sports Shoes Running Shoes For Men,BRUTON,₹549
121,"ZOOM Sports shoes, Running, Walking, Lightweight, Gym, ...",JQR,₹999
122,Running Shoes For Men,asian,"₹1,299"
123,SM-734 Sneakers For Men,Sparx,₹666
124,"Stylish Comfortable Lightweight, Breathable Walking Sho...",BIRDE,₹449
125,DSC BEAMER CRICKET5 SHOES SIZE 7 Cricket Shoes For Men,DSC,₹731
126,Sneakers For Men,ATOM,"₹1,289"
127,GLYCERIN 20 Running Shoes For Men,BROOKS,"₹7,743"
128,Bersache Lightweight Sports Shoes with High Quality Sol...,BERSACHE,₹808
129,Lightweight Sports walking sneaker Trekking Hiking Shoe...,BERSACHE,₹899
130,Sneakers For Men,ATOM,"₹1,289"
131,Alpha Predator Sneakers For Men,ATOM,"₹1,389"
132,Hiking & Trekking Shoes with Anti-Slip and Extra-Comfor...,Unistar,₹579
133,CRYSTA PRO Casuals For Men,CAMPUS,₹699
134,Fit-Man Slip On Sneakers For Men,BRUTON,₹149
135,FIRST Running Shoes For Men,CAMPUS,"₹1,449"
136,BCK8020 Lightweight Comfort Summer Trendy Premium Styli...,Bucik,₹629
137,Boots For Men,Layasa,₹499
138,"Delta-21 Sports, Walking, Casual, Gym, Running Shoes Fo...",asian,₹849
139,Bersache Casual Shoes with High Quality Sole | Sneakers...,BERSACHE,₹558
140,Sports shoes for men|Stylish Casual sport shoes for men...,Airson,₹599
141,"Stylish Comfortable Lightweight, Breathable Socks Sport...",RGY,₹599
142,ASSG1313 Running Shoes For Men,Abros,"₹1,709"
143,SWIFT RUN Running Shoes For Men,HRX by Hrithik Roshan,"₹1,162"
144,Designer Loafers For Men,HOTSTYLE,₹379
145,HURRICANE Running Shoes For Men,CAMPUS,₹799
146,XC72 Sneakers For Men,New Balance,"₹7,799"
147,Running Shoes For Men,richerson,"₹1,199"
148,"Moonwalk-01 Sports,Walking,Gym,Casual Slipon,Stylish Wa...",asian,₹669
149,"Signature Sports shoes, Running, Walking, Lightweight, ...",JQR,"₹1,444"
150,1080 Running Shoes For Men,New Balance,"₹10,399"
151,Sports Running Shoes for men | Gym Training Walking Tre...,Airson,₹879
152,ACTIVE RUN Running Shoes For Men,HRX by Hrithik Roshan,₹841
153,Fairweather 2.0 M Training & Gym Shoes For Men,REEBOK,"₹1,999"
154,INTER CEPTOR-3 Running Shoes For Men,Abros,₹799
155,Sneakers For Men,BERSACHE,₹631
156,100% GENUINE LEATHER SHOES Boots For Men,richerson,₹953
157,Men's Fighter 555 Boots For Men,BIG FOX,₹899
158,VELOCITY Running Shoes For Men,HRX by Hrithik Roshan,₹937
159,Sneakers For Men,RED TAPE,"₹1,039"
160,GLYCERIN 20 Running Shoes For Men,BROOKS,"₹7,743"
161,XC72 Sneakers For Men,New Balance,"₹7,799"
162,"Nobelite Range of Casual, Running, Sports & Sneakers Fo...",Nobelite,₹469
163,RODEO PRO Running Shoes For Men,CAMPUS,₹899
164,OG-D4 Sneakers For Men,CAMPUS,₹699
165,Fashion Lightweight Lace Up Mesh Sneaker Casual Walking...,Arivo,₹419
166,Vegas High Tops For Men,PUMA,"₹2,699"
167,Sneakers For Men,ATOM,"₹1,289"
168,Belter Polyurethane Sea Green UK-6 Cricket Shoes For Me...,DSC,₹821
169,Pacer Fire Sneakers For Men,PUMA,"₹1,421"
170,Alpha Predator Sneakers For Men,ATOM,"₹1,389"
171,Sneakers For Men,ATOM,"₹1,289"
172,FITMAN Loafers For Men,BRUTON,₹149
173,CRYSTA PRO Casuals For Men,CAMPUS,₹699
174,OXYFIT PRO Running Shoes For Men,CAMPUS,₹849
175,Voyager M Running Shoes For Men,REEBOK,"₹1,462"
176,ANTHEM 5 Running Shoes For Men,BROOKS,"₹5,690"
177,"KICK-2 AEROFOAM HYPERBOUNZE FAST Trenddy, lightweight, ...",JQR,"₹1,249"
178,ARIZONA-N Running Shoes For Men,Abros,₹899
179,Jaffa 22 Cricket Leather Shoes for Mens Lime Yellow UK-...,DSC,"₹1,679"
180,GLYCERIN 20 Running Shoes For Men,BROOKS,"₹7,859"
181,Turbo flight M Running Shoes For Men,REEBOK,"₹1,595"
182,"Walking Sports Shoes for Men | Soft Cushioned Insole, S...",RED TAPE,₹979
183,Epsilon M Casuals For Men,REEBOK,"₹2,262"
184,"ZOOM SPORTFOAM spandex knitted upper lace up,lightweigh...",JQR,₹979
185,MATTY Running Shoes For Women,CAMPUS,₹899
186,FLYER Runner Mesh Running Shoes For Men,PUMA,"₹2,059"
187,Amaze Walker M Casuals For Men,REEBOK,"₹1,559"
188,Walking Shoes For Men,AJANTA,₹599
189,"Bersache Sports Shoes For Men|Grey For Running,Walking,...",BERSACHE,"₹1,299"
190,327 Sneakers For Men,New Balance,"₹6,122"
191,ADRENALINE GTS 22 Running Shoes For Men,BROOKS,"₹7,124"
192,Running Shoes Running Shoes For Men,BRUTON,₹149
193,"Delta-21 Black Sports,Walking,Casual, Running Shoes For...",asian,₹849
194,ANNIE Running Shoes For Women,CAMPUS,"₹1,181"
195,"Chrome-02 Black Sports,Gym,Training,Walking,Stylish Tra...",asian,"₹1,299"
196,Junior Zero1 Sports shoes for Men | Gym Training Walkin...,Airson,"₹1,279"
197,Energy Streak M Casuals For Men,REEBOK,"₹1,566"
198,MAGNITE Running Shoes For Men,CAMPUS,₹799
199,"Wndr,Cosko-13 Full Black Boys School Shoes,Running Shoe...",asian,₹699
200,Sneakers For Men,ATOM,"₹1,289"
201,Sneakers For Men,ATOM,"₹1,289"
202,CriHase 23 Cricket Shoes For Men,ADIDAS,"₹1,999"
203,"Everest-01 Black Sports,Gym,Training,Walking,Stylish Ou...",asian,"₹1,074"
204,"Sneaker Casual Shoes for Men | Soft Cushioned Insole, S...",RED TAPE,"₹1,379"
205,LEAP7X By Liberty BRISK-01 Running Shoes For Men,LIBERTY,₹669
206,Alpha Predator Sneakers For Men,ATOM,"₹1,389"
207,Boots For Men,Layasa,₹499
208,SM-678 Running Shoes For Men,Sparx,"₹1,315"
209,22509-T. Blue Phylon Running Shoes For Men,KILLER,₹899
210,Sports shoes for men|Stylish Casual sport shoes for men...,Airson,₹599
211,GLYCERIN 20 Running Shoes For Men,BROOKS,"₹7,743"
212,HURRICANE Running Shoes For Men,CAMPUS,₹799
213,STONIC Running Shoes For Men,CAMPUS,"₹1,199"
214,Running Shoes For Men,RED TAPE,"₹1,359"
215,Tread Run Sneakers For Men,PUMA,"₹2,048"
216,Men's Fighter 555 Boots For Men,BIG FOX,₹899
217,XC72 Sneakers For Men,New Balance,"₹7,799"
218,Zod Runner V3 Sneakers For Men,PUMA,"₹1,199"
219,CLUB CULTURE High Tops For Men,HRX by Hrithik Roshan,"₹1,011"
220,Junior Zero1 Sports shoes for Men | Gym Training Walkin...,Airson,"₹1,279"
221,Sneakers For Men,ATOM,"₹1,289"
222,SM-648 Running Shoes For Men,Sparx,₹885
223,CAD Running Shoes For Men,CAMPUS,₹949
224,CAMP-GLACIER Running Shoes For Men,CAMPUS,"₹1,189"
225,"GLOBAL Sports shoes, Running, Walking, Lightweight, Gym...",JQR,"₹1,119"
226,Vegas High Tops For Men,PUMA,"₹2,699"
227,"Stylish Comfortable Lightweight, Breathable Socks Sport...",RGY,₹599
228,ALEXA Running Shoes For Women,CAMPUS,"₹1,044"
229,Casuals For Women,Bata,₹619
230,High Ankle Riding Boots for Hiking & Trekking | Mild Wa...,Unistar,₹999
231,High Ankle Riding Boots for Hiking & Trekking | Mild Wa...,Unistar,"₹1,249"
232,Casuals For Men,WOODLAND,"₹2,739"
233,VELOCITY Running Shoes For Men,HRX by Hrithik Roshan,"₹1,016"
234,"Oxygen-05 White Sports Running,Walking,Gym Shoes With P...",asian,"₹1,099"
235,"Jogging, Walking & Running (Narrow Toe) Shoes; 602_Camo...",Unistar,₹499
236,"KICK-2 AEROFOAM HYPERBOUNZE FAST Trenddy, lightweight, ...",JQR,"₹1,249"
237,Fire run Running Shoes For Men,PUMA,"₹1,219"
238,"Nexon-13 Navy Sports,Walking,Training,Gym,Stylish, Runn...",asian,₹699
239,Jauntza M Running Shoes For Men,ADIDAS,"₹1,479"
240,"ZOOM Sports shoes, Running, Walking, Lightweight, Gym, ...",JQR,₹999
241,Sneakers For Men,ATOM,"₹1,289"
242,"Sneaker Casual Shoes for Men | Soft Cushioned Insole, S...",RED TAPE,"₹1,119"
243,PATRIK PRO Running Shoes For Men,CAMPUS,₹872
244,"Bersache Sports Shoes For Men|White For Running,Walking...",BERSACHE,₹649
245,FK- MXO Dailywear Slip On Sneakers For Men,Free Kicks,₹319
246,BCK8020 Lightweight Comfort Summer Trendy Premium Styli...,Bucik,₹629
247,Boots For Men,Layasa,₹499
248,"Bersache Sports Shoes For Men|Light Grey For Running,Wa...",BERSACHE,"₹1,499"
249,0224 lestest Formal shoes/Comfortable shoes black/Styli...,Bonsar,₹394
250,Sports shoes for men|Stylish Casual sport shoes for men...,Airson,₹599
251,GLYCERIN 20 Running Shoes For Men,BROOKS,"₹7,743"
252,TRACK - MOULTON Running Shoes For Men,Skechers,"₹3,049"
253,OXYFIT PRO Running Shoes For Men,CAMPUS,₹849
254,Andres Lace Up For Men,Bata,₹659
255,Century-12 Running shoes for boys | sports shoes for me...,asian,₹599
256,Sports Running Shoes for men | Gym Training Walking Tre...,Airson,₹879
257,Boots For Men,Layasa,₹499
258,Stride Runner M Running Shoes For Men,REEBOK,"₹1,047"
259,HRX-001 04 Running Shoes For Men,HRX by Hrithik Roshan,₹959
260,Men's Fighter 555 Boots For Men,BIG FOX,₹899
261,XC72 Sneakers For Men,New Balance,"₹7,799"
262,Walking Shoes For Men,RED TAPE,"₹1,059"
263,High Ankle Riding Boots for Hiking & Trekking | Mild Wa...,Unistar,₹579
264,STYLISH LIGHT WEIGHT SPORTS SHOES FOR BOYS Slip On Snea...,TPENT,₹394
265,"Delta-20 Black Sports,Casual,Gym, Walking Shoes For Men",asian,₹869
266,Junior Zero1 Sports shoes for Men | Gym Training Walkin...,Airson,"₹1,279"
267,Sneakers For Men,ATOM,"₹1,289"
268,Fair weather 2.0 M Running Shoes For Men,REEBOK,"₹1,992"
269,Ivana Wn's Sneakers For Women,PUMA,"₹1,809"
270,Vegas High Tops For Men,PUMA,"₹2,699"
271,"Stylish Comfortable Lightweight, Breathable Socks Sport...",RGY,₹599
272,Running Shoes For Men,Sparx,"₹1,186"
273,Sneakers For Men,U.S. POLO ASSN.,"₹1,629"
274,OXYFIT (N) Running Shoes For Men,CAMPUS,₹599
275,"VISIT Sports shoes, Running, Walking, Lightweight, Gym,...",JQR,₹979
276,High Ankle Riding Boots for Hiking & Trekking | Mild Wa...,Unistar,₹999
277,High Ankle Riding Boots for Hiking & Trekking | Mild Wa...,Unistar,"₹1,249"
278,Crystal-13 Black sky Sports Transparent Sole Technology...,asian,"₹1,399"
279,Fire run Walking Shoes For Men,PUMA,"₹1,219"
280,Lite Sports Shoes Running Shoes For Men,BRUTON,₹549
281,Trendy & Affordable Collection Of Stylish For Men,STALAG,₹559
282,BARLEY Running Shoes For Men,CAMPUS,₹849
283,Sneakers For Men,Fuoatieec,₹374
284,Bersache Sports Walking Gym sneakers Trekking Hiking Sh...,BERSACHE,"₹1,299"
285,Superfit laceless sports shoes for men | Latest Stylish...,asian,₹749
286,Boots For Men,Layasa,₹499
287,New Trendy Comfort Exclusive Daily Upgrade Your style G...,SEEVAE,₹699
288,NOOR PLUS Running Shoes For Women,CAMPUS,₹799
289,OXYFIT PRO Running Shoes For Men,CAMPUS,₹849
290,Stylish High Tops For Men,lejano,₹585
291,GROOVY Mid-Top Casual Chunky Streetwear Fashion Sneaker...,Kraasa,₹599
292,Lifestyle Sneaker Shoes for Men | Soft Cushioned Insole...,RED TAPE,"₹1,379"
293,Crystal-13 Black sky Sports Transparent Sole Technology...,asian,"₹1,399"
294,Newton-06 Running Shoes For Men,asian,₹649
295,CHICAGO-O Running Shoes For Men,Abros,₹499
296,Trendy Chunky Classic Fashion Casual Sneakers Boot /Cas...,Zixer,₹662
297,GLYCERIN 20 Running Shoes For Men,BROOKS,"₹7,743"
298,Raze Badminton Shoes For Men,Hundred,"₹1,462"
299,STREET-RUN Running Shoes For Men,CAMPUS,"₹1,348"
300,Sneakers For Men,ATOM,"₹1,289"
301,Shoes for Men6 Walking Shoes For Men,Rover Shoes,₹629
302,"Sneaker Casual Shoes for Men | Soft Cushioned Insole, S...",RED TAPE,"₹1,119"
303,GEL-ASRO Running Shoes For Men,Asics,"₹3,302"
304,0224 lestest Formal shoes/Comfortable shoes black/Styli...,Bonsar,₹394
305,Jauntza M Running Shoes For Men,ADIDAS,"₹1,479"
306,Boots For Men,Kraasa,₹599
307,Sneakers For Men,ATOM,"₹1,289"
308,"Sunshine-01 Pink Sneakers,Casuals,Loafers Walking Shoes...",asian,₹639
309,KL8040 Lightweight Comfort Summer Trendy Premium Stylis...,KILLER,₹599
310,Boots For Men,Layasa,₹499
311,BCK8020 Lightweight Comfort Summer Trendy Premium Styli...,Bucik,₹629
312,Walking Shoes For Men,PETER ENGLAND,₹469
313,EQUALIZER 4.0 - WRAITHERN Running Shoes For Men,Skechers,"₹2,699"
314,AstoundRun M Running Shoes For Men,ADIDAS,"₹1,655"
315,Running Shoes For Men,M7 By Metronaut,₹845
316,Sneakers For Men,ATOM,"₹1,289"
317,Street Pro Lock=Tala Sneaker/Casual Lock Sneakers For B...,Zixer,₹661
318,"SPECIAL 001 Sports shoes, Running, Walking, Lightweight...",JQR,₹799
319,OXYFIT (N) Running Shoes For Men,CAMPUS,₹599
320,"ZOOM Sports shoes, Running, Walking, Lightweight, Gym, ...",JQR,₹999
321,Sneakers For Men,ATOM,"₹1,289"
322,FUSION RUNNER Running Shoes For Men,HRX by Hrithik Roshan,"₹1,004"
323,Vegas High Tops For Men,PUMA,"₹2,699"
324,Casual Sneakers White Shoes For Girls And Sneakers For ...,Layasa,₹399
325,DYNAMIC RUN Running Shoes For Men,HRX by Hrithik Roshan,"₹1,155"
326,BCK8020 Lightweight Comfort Summer Trendy Premium Styli...,Bucik,₹629
327,Boots For Men,Layasa,₹499
328,"Firefly-09 Grey Gym,Sports,Walking,Stylish Running Shoe...",asian,₹729
329,WALK Running Shoes For Men,CAMPUS,₹799
330,Sports shoes for men|Stylish Casual sport shoes for men...,Airson,₹599
331,GLYCERIN 20 Running Shoes For Men,BROOKS,"₹7,743"
332,"Waterproof-17 Grey Sports,Walking,Gym,Training,Stylish ...",asian,₹759
333,EQUALIZER 4.0 - WRAITHERN Running Shoes For Men,Skechers,"₹2,699"
334,CLARKIN Sneakers For Men,U.S. POLO ASSN.,"₹1,489"
335,"Innova-04 Grey Sports,Walking,Training,Gym,Stylish Runn...",asian,"₹1,099"
336,Sports Running Shoes for men | Gym Training Walking Tre...,Airson,₹879
337,Boots For Men,Layasa,₹499
338,SM-671 Sneakers For Men,Sparx,₹859
339,CLAIRE (Collector's Edition) Casuals For Women,CAMPUS,"₹1,199"
340,Men's Fighter 555 Boots For Men,BIG FOX,₹899
341,XC72 Sneakers For Men,New Balance,"₹7,799"
342,Metaflash 2.0 Running Shoes For Men,HRX by Hrithik Roshan,"₹1,364"
343,"Plasma-05 White Sports,Walking,Casual, Running Shoes Fo...",asian,₹599
344,Running Shoes For Men,asian,₹599
345,STREET-RUN Running Shoes For Men,CAMPUS,"₹1,317"
346,Junior Zero1 Sports shoes for Men | Gym Training Walkin...,Airson,"₹1,279"
347,Sneakers For Men,ATOM,"₹1,289"
348,MIKE (N) Running Shoes For Men,CAMPUS,"₹1,023"
349,NOOR PLUS Running Shoes For Women,CAMPUS,₹799
350,Vegas High Tops For Men,PUMA,"₹2,699"
351,"Stylish Comfortable Lightweight, Breathable Socks Sport...",RGY,₹599
352,Sneakers For Men Sneakers For Men,Footox,₹449
353,"Ankle Length Boots for Men | Soft Cushioned Insole, Sli...",RED TAPE,"₹1,519"
354,MADRYN 2.O Sneakers For Men,U.S. POLO ASSN.,"₹1,629"
355,Casual Sport Shoes For Men Lightweight & Extra-Comforta...,Unistar,₹499
356,High Ankle Riding Boots for Hiking & Trekking | Mild Wa...,Unistar,₹999
357,High Ankle Riding Boots for Hiking & Trekking | Mild Wa...,Unistar,"₹1,249"
358,UP Sneakers For Men,PUMA,"₹1,919"
359,Stride Runner M Running Shoes For Men,REEBOK,"₹1,119"
360,Sneakers For Men,Bacan,₹560
361,Sneakers For Women,Layasa,₹460
362,"Ultra-Lightweight, Breathable, Walking, Running,Gyming ...",density,₹499
363,Cute sports shoes for women | Running shoes for girls s...,asian,₹649
364,EQUALIZER 4.0 - BAYLOCK Walking Shoes For Men,Skechers,"₹2,699"
365,PETER Running Shoes For Men,Abros,"₹1,259"
366,Lite Sports Shoes Running Shoes For Men,BRUTON,₹549
367,Stylish Casual Sports Shoe Sneakers For Women,Layasa,₹425
368,Carnival-02 Mens High Top Casual Chunky Fashion Sneaker...,asian,"₹1,099"
369,Zooter Cricket Shoes For Men,DSC,₹898
370,GROOVY Mid-Top Casual Chunky Streetwear Fashion Sneaker...,Kraasa,₹599
371,Stylish High Tops For Men,lejano,₹585
372,Lattest Sneakers Shoe Sneakers For Men,BRUTON,₹349
373,Wildcraft Terra Lite LA Hiking & Trekking Shoes For Men,Wildcraft,"₹1,589"
374,ACTIVE RUN Running Shoes For Men,HRX by Hrithik Roshan,₹973
375,OG-D4 Sneakers For Men,CAMPUS,₹699
376,GLYCERIN 20 Running Shoes For Men,BROOKS,"₹7,743"
377,Sneakers For Men,ATOM,"₹1,289"
378,SIMBA PRO Running Shoes For Men,CAMPUS,"₹1,249"
379,White Blue Trendy Walking Running Shoes For Men,CLYMB,₹589
380,Women's Mesh Sports Shoes Walking Sneakers For Women,Layasa,₹419
381,Shoes for Men6 Walking Shoes For Men,Rover Shoes,₹629
382,Mesh Mushy Casuals For Men,Bata,₹379
383,Raze Badminton Shoes For Men,Hundred,"₹1,454"
384,"Express-08 Sports, Training, Gym, Walking Shoes For Men",asian,₹749
385,SM-438 Camel Running Shoes For Men,Sparx,"₹1,367"
386,Boots For Men,Kraasa,₹599
387,Sneakers For Men,ATOM,"₹1,289"
388,X-Ray 2 Square Sneakers For Men,PUMA,"₹3,231"
389,Slip On For Men,Bata,₹799
390,Loafers For Men,Bacan,₹549
391,Boots For Men,Layasa,₹499
392,Jaffa 22 UK 7 Sea Green Fluro Orange Cricket Shoes For ...,DSC,"₹1,679"
393,"Superwalk-08 Navy Slipon Sports,Walking,Casual, Walking...",asian,₹799
394,URBAN CHUNKY Sneakers For Men,HRX by Hrithik Roshan,₹997
395,Sneakers For Men,Layasa,₹329
396,BCK8020 Lightweight Comfort Summer Trendy Premium Styli...,Bucik,₹629
397,"GLOBAL Sports shoes, Running, Walking, Lightweight, Gym...",JQR,"₹1,119"
398,MAGNUS Lace Up For Men,Bata,₹889
399,Elite Runner Running Shoes For Men,HRX by Hrithik Roshan,₹767
400,Sneakers For Men,ATOM,"₹1,289"
401,Sneakers For Men,ATOM,"₹1,289"
402,"Newton-06 Grey Sports,Casual,Walking,Training,Gym,Styli...",asian,₹649
403,Sneakers For Men,PETER ENGLAND,₹739
404,DYNAMIC RUN Running Shoes For Men,HRX by Hrithik Roshan,"₹1,294"
405,"Sneaker Casual Shoes for Men | Soft Cushioned Insole, S...",RED TAPE,"₹1,119"
406,Alpha Predator Sneakers For Men,ATOM,"₹1,389"
407,Boots For Men,Layasa,₹499
408,SKECHERS BIONIC TRAIL - ROAD Sneakers For Men,Skechers,"₹4,269"
409,ROCKEE Casuals For Men,CAMPUS,"₹1,199"
410,GLYCERIN 20 Running Shoes For Men,BROOKS,"₹7,743"
411,Sports shoes for men|Stylish Casual sport shoes for men...,Airson,₹599
412,Walking Shoes For Men,PETER ENGLAND,₹559
413,"Carbon-01 Blue Sports,Casuals,Walking,Training,Gym,Styl...",asian,"₹1,299"
414,Raze Badminton Shoes For Men,Hundred,"₹1,462"
415,FIRST Running Shoes For Men,CAMPUS,"₹1,167"
416,XC72 Sneakers For Men,New Balance,"₹7,799"
417,Men's Fighter 555 Boots For Men,BIG FOX,₹899
418,Hiking & Trekking Shoes with Anti-Slip and Extra-Comfor...,Unistar,₹629
419,Running Shoes For Men,asian,₹649
420,Junior Zero1 Sports shoes for Men | Gym Training Walkin...,Airson,"₹1,279"
421,Sneakers For Men,ATOM,"₹1,289"
422,Shoes for Men | Sneaker for Men | Shoes for Mens | Spor...,Footox,₹399
423,Maka Wns Running Shoes For Women,PUMA,"₹1,432"
424,CAMP-XMEN Running Shoes For Men,CAMPUS,"₹1,181"
425,FITMAN Loafers For Men,BRUTON,₹149
426,Vegas High Tops For Men,PUMA,"₹2,699"
427,"Stylish Comfortable Lightweight, Breathable Socks Sport...",RGY,₹599
428,"MAGIC Sports shoes, Running, Walking, Lightweight, Gym,...",JQR,₹979
429,"Newton-09 White Sports,Casual,Walking,Gym,Stylish Runni...",asian,₹699
430,High Ankle Riding Boots for Hiking & Trekking | Mild Wa...,Unistar,₹999
431,High Ankle Riding Boots for Hiking & Trekking | Mild Wa...,Unistar,"₹1,249"
432,Elasto-02 sports shoes for women | Running shoes for gi...,asian,₹649
433,22508-Navy D.Grey Walking Shoes For Men,KILLER,₹629
434,ARTEMIS Running Shoes For Men,CAMPUS,"₹1,599"
435,Mesh Mushy Casuals For Men,Bata,₹379
436,ANTHEM 5 Running Shoes For Men,BROOKS,"₹5,690"
437,"KICK-2 AEROFOAM HYPERBOUNZE FAST Trenddy, lightweight, ...",JQR,"₹1,249"
438,Draco Running Shoes For Men,Abros,₹699
439,"Superwalk-08 Turquoise Sports,Casual,Walking,Gym,Stylis...",asian,₹799
440,"ZOOM Sports shoes, Running, Walking, Lightweight, Gym, ...",JQR,₹999
441,Sneakers For Men,ATOM,"₹1,289"
442,MANCHESTER Running Shoes For Men,Abros,₹899
443,Slip On For Men,Bata,₹845
444,Casuals For Men,WOODLAND,"₹2,549"
445,Training & Gym Shoes For Men,PETER ENGLAND,₹679
446,BCK8020 Lightweight Comfort Summer Trendy Premium Styli...,Bucik,₹629
447,Boots For Men,Layasa,₹499
448,Elite Runner Running Shoes For Men,HRX by Hrithik Roshan,"₹1,007"
449,"Cosko Slate Blue Sports,Walking,Training,Gym,Stylish Fo...",asian,₹679
450,Sports shoes for men|Stylish Casual sport shoes for men...,Airson,₹599
451,GLYCERIN 20 Running Shoes For Men,BROOKS,"₹7,743"
452,REMO Running Shoes For Men,CAMPUS,"₹1,021"
453,Adilaska M Running Shoes For Men,ADIDAS,"₹2,499"
454,"Light weighted Sport shoes, Running Shoes, Training sho...",WAAN,₹569
455,High Ankle Riding Boots for Hiking & Trekking | Mild Wa...,Unistar,₹999
456,Sports Running Shoes for men | Gym Training Walking Tre...,Airson,₹879
457,Boots For Men,Layasa,₹499
458,"Battle-01 Firozi Sports,Casual,Walking,Gym,Stylish For ...",asian,₹599
459,Volga Hiking & Trekking Shoes For Men,Wildcraft,"₹1,799"
460,Men's Fighter 555 Boots For Men,BIG FOX,₹899
461,XC72 Sneakers For Men,New Balance,"₹7,799"
462,FIT-MAN Loafers For Men,BRUTON,₹149
463,"KICK-2 AEROFOAM HYPERBOUNZE FAST Trenddy, lightweight, ...",JQR,"₹1,249"
464,SOLAR CONTROL M Running Shoes For Men,ADIDAS,"₹7,845"
465,MIKE (N) Running Shoes For Men,CAMPUS,"₹1,349"
466,Junior Zero1 Sports shoes for Men | Gym Training Walkin...,Airson,"₹1,279"
467,Sneakers For Men,ATOM,"₹1,289"
468,Cricket Power Cricket Shoes For Men,PUMA,"₹2,699"
469,Stylish & Trending Outdoor Walking Comfortable Sneakers...,URBANBOX,₹299
470,Vegas High Tops For Men,PUMA,"₹2,699"
471,"Stylish Comfortable Lightweight, Breathable Socks Sport...",RGY,₹599
472,Hiking & Trekking Shoes with Anti-Slip and Extra Cushio...,Unistar,"₹1,299"
473,Voyager M Running Shoes For Men,REEBOK,"₹1,301"
474,HOL-125E Genuine Leather Lace Up For Men,LIBERTY,"₹1,129"
475,Rider-01 light grey Running Shoes for Men I Sport Shoes...,asian,"₹1,049"
476,High Ankle Riding Boots for Hiking & Trekking | Mild Wa...,Unistar,₹999
477,High Ankle Riding Boots for Hiking & Trekking | Mild Wa...,Unistar,"₹1,249"
478,Bridge Comfort Running Shoes For Men,PUMA,"₹1,619"
479,Cricket Shoes Spikes Stud Boys Kids Sports (FIGHTER G) ...,B-Tuf,₹707
480,"ZOOM Sports shoes, Running, Walking, Lightweight, Gym, ...",JQR,₹999
481,Sneakers For Men,ATOM,"₹1,289"
482,"Stylish Comfortable Lightweight, Breathable Socks Sport...",BIRDE,₹549
483,Casuals For Men,WOODLAND,"₹2,099"
484,Zod Runner V3 Wn's Sneakers For Women,PUMA,"₹1,309"
485,Stylish Casual Sports Shoe Sneakers Sneakers For Women,Layasa,₹399
486,BCK8020 Lightweight Comfort Summer Trendy Premium Styli...,Bucik,₹629
487,Boots For Men,Layasa,₹499
488,BOBS SPARROW 2.0 Walking Shoes For Men,Skechers,"₹3,659"
489,ASSG1268 Running Shoes For Men,Abros,"₹2,211"
490,GLYCERIN 20 Running Shoes For Men,BROOKS,"₹7,743"
491,Sports shoes for men|Stylish Casual sport shoes for men...,Airson,₹599
492,EQUALIZER 4.0 - PERSISTING Walking Shoes For Men,Skechers,"₹3,049"
493,CLAIRE (Collector's Edition) Casuals For Women,CAMPUS,₹931
494,Casual Sneakers White Shoes For Girls And Sneakers For ...,Layasa,₹435
495,CozySock Walking Shoes For Women,Kraasa,₹319
496,Sports Running Shoes for men | Gym Training Walking Tre...,Airson,₹879
497,XC72 Sneakers For Men,New Balance,"₹7,799"
498,"Thar-01 Black Sports,Training,Gym,Walking,Stylish Runni...",asian,₹759
499,SUPER Running Shoes For Men,Abros,"₹2,249"
500,Boots For Men,Layasa,₹499
501,Men's Fighter 555 Boots For Men,BIG FOX,₹899
502,"Carbon-02 Grey Sports,Casual,Gym,Training,Sneakers,Styl...",asian,"₹1,249"
503,ACTIVE RUN Running Shoes For Men,HRX by Hrithik Roshan,₹973
504,ALICE Running Shoes For Women,CAMPUS,"₹1,199"
505,Party Wear Stylish College Casual Sneakers Shoes Sneake...,Shozie,₹589
506,Junior Zero1 Sports shoes for Men | Gym Training Walkin...,Airson,"₹1,279"
507,Sneakers For Men,ATOM,"₹1,289"
508,"Men's Future-01 Sports Running,Trainning,Gym Shoes Ligh...",asian,₹649
509,"Sports Shoes , Walking Shoes , Gym & Training Shoes And...",HOTSTYLE,₹399
510,Vegas High Tops For Men,PUMA,"₹2,699"
511,"Stylish Comfortable Lightweight, Breathable Socks Sport...",RGY,₹599
512,Women's Mesh Sports Shoes Walking Running Shoes For Wom...,Layasa,₹389
513,Running Shoes For Women,Rowlans,₹469
514,Carnival-02 Mens High Top Casual Chunky Sneakers Sneake...,asian,"₹1,099"
515,Slip On For Men,Bata,₹890
516,High Ankle Riding Boots for Hiking & Trekking | Mild Wa...,Unistar,₹999
517,High Ankle Riding Boots for Hiking & Trekking | Mild Wa...,Unistar,"₹1,249"
518,Blot PUK3502GS Cricket Gym Sports Comfortable Daily Out...,Paragon,₹825
519,SM-171 Running Shoes For Men,Sparx,"₹1,303"
520,Sneakers For Men,ATOM,"₹1,289"
521,Sneakers For Men,ATOM,"₹1,289"
522,ROCKFORD Running Shoes For Men,Abros,₹899
523,Club Culture Sneakers For Men,HRX by Hrithik Roshan,"₹1,244"
524,STEPHEN-22 Casuals For Men,Force 10 By Liberty,₹333
525,"Walking Sports Shoes for Men | Soft Cushioned Insole, S...",RED TAPE,"₹1,379"
526,Alpha Predator Sneakers For Men,ATOM,"₹1,389"
527,Boots For Men,Layasa,₹499
528,INTER CEPTOR-1 Sneakers For Men,Abros,₹699
529,Pace Running Shoes For Men,Lakhani Vardaan,"₹1,389"
530,Sports shoes for men|Stylish Casual sport shoes for men...,Airson,₹599
531,GLYCERIN 20 Running Shoes For Men,BROOKS,"₹7,743"
532,STYLISH LIGHT WEIGHT SPORTS SHOES FOR BOYS Slip On Snea...,TPENT,₹386
533,LC4996E Slip On For Men,LEE COOPER,"₹1,639"
534,"Action Athleo ATG-496 Light Weight,Comfortable,Trendy,R...",action,"₹1,099"
535,Men's Black Sneakers Sneakers For Men,LEVI'S,"₹1,479"
536,Men's Fighter 555 Boots For Men,BIG FOX,₹899
537,XC72 Sneakers For Men,New Balance,"₹7,799"
538,ACTIVE RUN Running Shoes For Men,HRX by Hrithik Roshan,₹959
539,Mesh |Lightweight|Comfort|Summer|Trendy|Walking|Outdoor...,aadi,₹399
540,Junior Zero1 Sports shoes for Men | Gym Training Walkin...,Airson,"₹1,279"
541,Sneakers For Men,ATOM,"₹1,289"
542,Loafers For Men,hzisbo,₹316
543,TRAIL SCOUT 3 Running Shoes For Men,Asics,"₹3,252"
544,FAST Trendy Loafers For Men,HOTSTYLE,₹399
545,Outdoors For Men,WOODLAND,"₹2,489"
546,Vegas High Tops For Men,PUMA,"₹2,699"
547,"Stylish Comfortable Lightweight, Breathable Socks Sport...",RGY,₹599
548,ROLLZ Running Shoes For Men,CAMPUS,"₹1,299"
549,Casual Loafers For Men,AJANTA,₹319
550,High Ankle Riding Boots for Hiking & Trekking | Mild Wa...,Unistar,₹999
551,High Ankle Riding Boots for Hiking & Trekking | Mild Wa...,Unistar,"₹1,249"
552,Outdoor For Men,WOODLAND,"₹2,489"
553,BP-723 Running Shoes For Men,CAMPUS,₹599
554,Sneaker Casual Shoes For Men | Soft Cushion Insole||Ach...,asian,₹599
555,Electron E Training & Gym Shoes For Men,PUMA,"₹2,032"
556,"KICK-2 AEROFOAM HYPERBOUNZE FAST Trenddy, lightweight, ...",JQR,"₹1,249"
557,Turbo flight M Running Shoes For Men,REEBOK,"₹1,595"
558,Fit-Man Loafers For Men,BRUTON,₹149
559,"Chrome-02 Grey Sports,Gym,Training,Walking,Stylish Runn...",asian,"₹1,299"
560,Sneakers For Men,Bacan,₹560
561,Lite Sports Shoes Running Shoes For Men,BRUTON,₹549
562,851-6674 Slip On For Men,Bata,₹799
563,Trendy Sports Running Running Shoes For Men,BRUTON,₹389
564,Lace Up For Men,Bata,"₹1,129"
565,Casual Loafers For Men,AJANTA,₹319
566,GROOVY Mid-Top Casual Chunky Streetwear Fashion Sneaker...,Kraasa,₹599
567,Stylish High Tops For Men,lejano,₹585
568,OG-D1 Sneakers For Men,CAMPUS,₹699
569,Synthetic| Lightweight| Premiun| Comfort| Summer Tendy|...,aadi,₹627
570,Men's High Top Ankle Retro Air Original Sneakers || Boy...,Zixer,₹674
571,GLYCERIN 20 Running Shoes For Men,BROOKS,"₹7,743"
572,Socks Shoes Slip On Sneakers For Men,SUKUN,₹449
573,SM-752 Running Shoes For Men,Sparx,"₹1,089"
574,Flash Athletic Running Shoes For Men,REEBOK,"₹2,235"
575,Stylish Outdoor Hiking & Trekking Shoes For Men,Furo by Red Chief,"₹1,499"
576,Sneakers For Men,ATOM,"₹1,289"
577,Shoes for Men6 Walking Shoes For Men,Rover Shoes,₹629
578,"MAGIC Sports shoes, Running, Walking, Lightweight, Gym,...",JQR,₹979
579,NORTH PLUS Running Shoes For Men,CAMPUS,"₹1,399"
580,Boots For Men,Kraasa,₹599
581,Sneakers For Women,Layasa,₹460
582,FITMAN Loafers For Men,BRUTON,₹149
583,Walking Shoes For Men,RED TAPE,₹979
584,Running Shoes For Men,Sparx,₹789
585,SM-707 Walking Shoes For Men,Sparx,₹709
586,Loafers For Men,Bacan,₹549
587,Stylish Casual Sports Shoe Sneakers For Women,Layasa,₹425
588,GEL-VENTURE 9 Running Shoes For Men,Asics,"₹3,548"
589,Raze Badminton Shoes For Men,Hundred,"₹1,465"
590,Sneakers For Men,ATOM,"₹1,289"
591,Boots For Men,Layasa,₹499
592,RODEO PRO Running Shoes For Men,CAMPUS,₹780
593,Tread Motion Running Shoes For Men,REEBOK,₹999
594,CLAIRE (Collector's Edition) Casuals For Women,CAMPUS,₹931
595,TENSUAR M2 Running Shoes For Men,ADIDAS,"₹2,067"
596,BCK8020 Lightweight Comfort Summer Trendy Premium Styli...,Bucik,₹629
597,"GLOBAL Sports shoes, Running, Walking, Lightweight, Gym...",JQR,"₹1,119"
598,Premium Look Comfortable Stylish LightWeight (Memory Fo...,BIRDE,₹315
599,LEAP7X By Liberty PRIME-9 Walking Shoes For Men,LIBERTY,₹719
600,Lite Sports Shoes Running Shoes For Men,BRUTON,₹549
601,Trendy & Affordable Collection Of Stylish For Men,STALAG,₹559
602,FOCUS Running Shoes For Men,GO RIDE,₹999
603,Axelion Refresh Running Shoes For Men,PUMA,"₹3,870"
604,FAST Trendy Sneakers For Men,HOTSTYLE,₹399
605,FUTURE RIDER PLAY ON Sneakers For Men,PUMA,"₹3,499"
606,Boots For Men,Layasa,₹499
607,New Trendy Comfort Exclusive Daily Upgrade Your style G...,SEEVAE,₹699
608,2 Pair Combo Loafers For Men,HOTSTYLE,₹549
609,Training & Gym Shoes For Men,PETER ENGLAND,₹679
610,GROOVY Mid-Top Casual Chunky Streetwear Fashion Sneaker...,Kraasa,₹599
611,Stylish High Tops For Men,lejano,₹585
612,Walking Shoes For Men,RED TAPE,"₹1,079"
613,Cricket Active Cricket Shoes For Men,PUMA,"₹2,699"
614,LC4829D High Tops For Men,LEE COOPER,"₹2,359"
615,551 Running Shoes For Men,V King,₹199
616,Trendy Chunky Classic Fashion Casual Sneakers Boot /Cas...,Zixer,₹662
617,GLYCERIN 20 Running Shoes For Men,BROOKS,"₹7,743"
618,Running Shoes For Men,Sparx,₹789
619,Lace Up For Men,Bata,"₹1,129"
620,Sneakers For Men,ATOM,"₹1,289"
621,Shoes for Men6 Walking Shoes For Men,Rover Shoes,₹629
622,"MAGIC Sports shoes, Running, Walking, Lightweight, Gym,...",JQR,₹979
623,Synthetic| Lightweight| Premiun| Comfort| Summer Tendy|...,aadi,₹627
624,OG-D1 Sneakers For Men,CAMPUS,₹699
625,NORTH PLUS Running Shoes For Men,CAMPUS,"₹1,399"
626,Boots For Men,Kraasa,₹599
627,Sneakers For Men,ATOM,"₹1,289"
628,FITMAN Loafers For Men,BRUTON,₹149
629,Flash Athletic Running Shoes For Men,REEBOK,"₹2,235"
630,Boots For Men,Layasa,₹499
631,BCK8020 Lightweight Comfort Summer Trendy Premium Styli...,Bucik,₹629
632,Stylish Outdoor Hiking & Trekking Shoes For Men,Furo by Red Chief,"₹1,499"
633,RODEO PRO Running Shoes For Men,CAMPUS,₹780
634,CLAIRE (Collector's Edition) Casuals For Women,CAMPUS,₹931
635,Casual Loafers For Men,AJANTA,₹319
636,Sneakers For Men,ATOM,"₹1,289"
637,Street Pro Lock=Tala Sneaker/Casual Lock Sneakers For B...,Zixer,₹661
638,Socks Shoes Slip On Sneakers For Men,SUKUN,₹449
639,Walking Shoes For Men,RED TAPE,₹979
640,Sneakers For Men,Bacan,₹560
641,Lite Sports Shoes Running Shoes For Men,BRUTON,₹549
642,Stride Runner M Running Shoes For Men,REEBOK,"₹1,259"
643,STEPHEN-22 Casuals For Men,Force 10 By Liberty,₹333
644,Men's Black Sneakers Sneakers For Men,LEVI'S,"₹1,479"
645,Casuals For Men,WOODLAND,"₹2,229"
646,GROOVY Mid-Top Casual Chunky Streetwear Fashion Sneaker...,Kraasa,₹599
647,Stylish High Tops For Men,lejano,₹585
648,FRITOF Loafers For Men,U.S. POLO ASSN.,"₹1,819"
649,"Black Outdoor Gym,Sports,Training,Stylish Running Shoes...",Arivo,₹496
650,GLYCERIN 20 Running Shoes For Men,BROOKS,"₹7,743"
651,Sneakers For Men,ATOM,"₹1,289"
652,Quilite Running Shoes For Men,ADIDAS,"₹2,149"
653,K11234G Stylish Smart Daily Occasional Comfortable Cush...,Paragon,₹675
654,URBAN RIDER PRO Sneakers For Men,DUCATI,"₹1,089"
655,"Stylish Comfortable Lightweight, Breathable Socks Sport...",BIRDE,₹549
656,Shoes for Men6 Walking Shoes For Men,Rover Shoes,₹629
657,Women's Mesh Sports Shoes Walking Sneakers For Women,Layasa,₹419
658,GLIDE-STEP Sneakers For Men,Skechers,"₹3,369"
659,CRUNCH Running Shoes For Men,CAMPUS,₹799
660,Boots For Men,Kraasa,₹599
661,Sneakers For Women,Layasa,₹460
662,"MOJ 402 Sports shoes, Running, Walking, Lightweight, Gy...",JQR,₹611
663,AIR STRIKE Football Shoes For Men,NIVIA,₹962
664,Sneakers For Men,RED TAPE,"₹1,119"
665,Boat Shoes For Men,RED CHIEF,"₹1,929"
666,Stylish Casual Sports Shoe Sneakers For Women,Layasa,₹425
667,Loafers For Men,Bacan,₹549
668,"Boots,Casual,Party Wear, Daily Wear, Trendy, Comfortabl...",SHOETOPIA,₹899
669,Crystal-05 Navy Running Shoes for Men I Sport Shoes for...,asian,"₹1,117"
670,Sneakers For Men,ATOM,"₹1,289"
671,Boots For Men,Layasa,₹499
672,Softride Premier Training & Gym Shoes For Men,PUMA,"₹3,124"
673,Rebound LayUp SL High Tops For Men,PUMA,"₹3,117"
674,Run Odyssey Casuals For Men,REEBOK,"₹1,455"
675,Sneakers For Men,New Balance,"₹22,999"
676,BCK8020 Lightweight Comfort Summer Trendy Premium Styli...,Bucik,₹629
677,XC72 Sneakers For Men,New Balance,"₹7,799"
678,"Waterproof-19 Black Gym,Sports,Walking,Training,Stylish...",asian,₹699
679,SABER D.GREY T.BLUE Walking Shoes For Men,KILLER,₹699
680,Sneakers For Men,ATOM,"₹1,289"
681,Sneakers For Men,ATOM,"₹1,289"
682,Outdoor Shoe For Men,WOODLAND,"₹2,489"
683,Sneakers For Men,Bata,₹509
684,LC5223E Lace Up For Men,LEE COOPER,"₹1,529"
685,Santa Cruz Casuals For Men,CROCS,"₹1,989"
686,Alpha Predator Sneakers For Men,ATOM,"₹1,389"
687,Boots For Men,Layasa,₹499
688,Zod Runner V3 Sneakers For Men,PUMA,"₹1,199"
689,Casuals For Men,Roadster,₹479
690,Sports shoes for men|Stylish Casual sport shoes for men...,Airson,₹599
691,GLYCERIN 20 Running Shoes For Men,BROOKS,"₹7,743"
692,For Men,Bata,"₹1,129"
693,Running Shoes For Men,Sparx,"₹1,049"
694,OG-D4 Sneakers For Men,CAMPUS,₹699
695,OSCAR-8E Walking Shoes For Men,LIBERTY,₹509
696,Men's Fighter 555 Boots For Men,BIG FOX,₹899
697,XC72 Sneakers For Men,New Balance,"₹7,799"
698,NORTH Running Shoes For Men,CAMPUS,"₹1,299"
699,Loafers For Men,Mast & Harbour,₹549
700,Junior Zero1 Sports shoes for Men | Gym Training Walkin...,Airson,"₹1,279"
701,Sneakers For Men,ATOM,"₹1,289"
702,LEBRON 3.0 Sneakers For Men,U.S. POLO ASSN.,"₹2,059"
703,Corporate Casual For Men,WOODLAND,"₹2,149"
704,SM-752 Running Shoes For Men,Sparx,"₹1,089"
705,LETHAL Running Shoes For Men,Abros,₹799
706,Vegas High Tops For Men,PUMA,"₹2,699"
707,"Stylish Comfortable Lightweight, Breathable Socks Sport...",RGY,₹599
708,Running Shoes For Women,Sparx,₹919
709,EXPLORE Running Shoes For Men,CAMPUS,"₹1,164"
710,High Ankle Riding Boots for Hiking & Trekking | Mild Wa...,Unistar,₹999
711,High Ankle Riding Boots for Hiking & Trekking | Mild Wa...,Unistar,"₹1,249"
712,Casual Sneaker Shoes For Men | Enhanced Comfort with Cu...,RED TAPE,"₹1,399"
713,Walking Shoes For Men,URBANBOX,₹279
714,Shoes for Men | Sneaker for Men | Shoes for Mens | Spor...,Footox,₹299
715,CROSSBAR - STILHOLT Slip On Sneakers For Men,Skechers,"₹2,699"
716,"KICK-2 AEROFOAM HYPERBOUNZE FAST Trenddy, lightweight, ...",JQR,"₹1,249"
717,Turbo flight M Running Shoes For Men,REEBOK,"₹1,595"
718,Stylish & Trending Outdoor Walking Comfortable Sneakers...,WHITE WALKERS,₹599
719,Casual Sneaker Shoes For Men | Upgraded Comfort with Cu...,RED TAPE,"₹1,399"
720,"ZOOM Sports shoes, Running, Walking, Lightweight, Gym, ...",JQR,₹999
721,Sneakers For Men,ATOM,"₹1,289"
722,ALICE Running Shoes For Women,CAMPUS,"₹1,199"
723,Fusion Running Shoes For Men,PUMA,"₹2,006"
724,Wildcraft Terra Lite LA Hiking & Trekking Shoes For Men,Wildcraft,"₹1,589"
725,Running Shoes For Men,RED TAPE,"₹1,259"
726,BCK8020 Lightweight Comfort Summer Trendy Premium Styli...,Bucik,₹629
727,Boots For Men,Layasa,₹499
728,CozySock Running Shoes For Women,Kraasa,₹319
729,Remo Running Shoes For Men,CAMPUS,"₹1,033"
730,Sports shoes for men|Stylish Casual sport shoes for men...,Airson,₹599
731,GLYCERIN 20 Running Shoes For Men,BROOKS,"₹7,743"
732,"Action Athleo ATG-496 Light Weight,Comfortable,Trendy,R...",action,"₹1,099"
733,Casuals For Men,WOODLAND,"₹2,229"
734,Genuine Premium Leather Luxury High-Top Ankle Boots For...,Allen Cooper,"₹2,001"
735,COMFORT INFUSED M Running Shoes For Men,REEBOK,"₹2,039"
736,Sports Running Shoes for men | Gym Training Walking Tre...,Airson,₹879
737,Boots For Men,Layasa,₹499
738,SYRUS Running Shoes For Men,CAMPUS,"₹1,399"
739,flaze mode M Running Shoes For Men,ADIDAS,"₹2,299"
740,Men's Fighter 555 Boots For Men,BIG FOX,₹899
741,XC72 Sneakers For Men,New Balance,"₹7,799"
742,Running Shoes For Men,BRUTON,₹149
743,SL-170 Running Shoes For Women,Sparx,₹989
744,SL-111 Sneakers For Women,Sparx,₹534
745,Stylish Casual Sports Shoe Sneakers Sneakers For Women,Layasa,₹435
746,Junior Zero1 Sports shoes for Men | Gym Training Walkin...,Airson,"₹1,279"
747,Sneakers For Men,ATOM,"₹1,289"
748,CRISTY Running Shoes For Women,CAMPUS,₹749
749,RODEO PRO Running Shoes For Men,CAMPUS,₹780
750,Vegas High Tops For Men,PUMA,"₹2,699"
751,"Stylish Comfortable Lightweight, Breathable Socks Sport...",RGY,₹599
752,RUNSTEER M Running Shoes For Men,ADIDAS,"₹1,975"
753,Wndr-13 sports shoes for men | Latest Stylish Casual sp...,asian,₹237
754,ProRider Walking Shoes For Men,Kraasa,₹499
755,"VISIT Sports shoes, Running, Walking, Lightweight, Gym,...",JQR,₹979
756,High Ankle Riding Boots for Hiking & Trekking | Mild Wa...,Unistar,₹999
757,High Ankle Riding Boots for Hiking & Trekking | Mild Wa...,Unistar,"₹1,249"
758,Caven 2.0 Sneakers For Men,PUMA,"₹3,124"
759,"Action Athleo ATG-653 Light Weight,Comfortable,Trendy,R...",action,₹899
